id,split,label,base_pie,tsne_x,tsne_y
1_lit_26,seen,0,איבד את הצפון,-40.15406,-4.4778776
1_lit_28,seen,0,איבד את הצפון,13.183856,14.775106
1_lit_32,seen,0,איבד את הצפון,-27.002115,16.634615
1_lit_37,seen,0,איבד את הצפון,-31.304596,5.9968634
1_fig_6,seen,1,איבד את הצפון,13.301885,9.860075
1_fig_10,seen,1,איבד את הצפון,35.860443,-6.138148
1_fig_34,seen,1,איבד את הצפון,31.022087,1.715769
1_fig_39,seen,1,איבד את הצפון,-25.612577,1.4893088
3_lit_1,seen,0,דרך במקום,2.6013834,13.631292
3_lit_18,seen,0,דרך במקום,-26.0305,18.05101
3_lit_31,seen,0,דרך במקום,-34.24127,-12.882921
3_lit_32,seen,0,דרך במקום,-6.121934,13.415671
3_fig_5,seen,1,דרך במקום,42.006187,-25.33515
3_fig_7,seen,1,דרך במקום,16.240005,14.199206
3_fig_16,seen,1,דרך במקום,35.620502,-5.7059717
3_fig_34,seen,1,דרך במקום,25.910265,-4.729622
4_lit_7,seen,0,הוריד את הכפפות,-33.431293,13.460103
4_lit_9,seen,0,הוריד את הכפפות,9.156783,12.191019
4_lit_25,seen,0,הוריד את הכפפות,-26.146645,19.525112
4_lit_30,seen,0,הוריד את הכפפות,-40.713314,-15.229753
4_fig_18,seen,1,הוריד את הכפפות,27.539553,7.9966984
4_fig_19,seen,1,הוריד את הכפפות,35.70245,2.54266
4_fig_29,seen,1,הוריד את הכפפות,29.689526,4.781531
4_fig_36,seen,1,הוריד את הכפפות,17.772118,8.314802
5_lit_1,seen,0,הוריד פרופיל,-47.65609,-16.394892
5_lit_4,seen,0,הוריד פרופיל,21.970705,-0.5508135
5_lit_17,seen,0,הוריד פרופיל,-38.626278,-5.567183
5_lit_23,seen,0,הוריד פרופיל,-34.158722,-2.555063
5_fig_12,seen,1,הוריד פרופיל,3.84584,14.127834
5_fig_13,seen,1,הוריד פרופיל,35.762943,-19.584867
5_fig_17,seen,1,הוריד פרופיל,14.387153,13.045781
5_fig_38,seen,1,הוריד פרופיל,36.497383,-5.1499896
6_lit_9,seen,0,החזיק אצבעות,10.481294,12.629702
6_lit_27,seen,0,החזיק אצבעות,-33.248978,-1.7821347
6_lit_37,seen,0,החזיק אצבעות,-37.388123,-11.039621
6_lit_38,seen,0,החזיק אצבעות,-30.203295,-7.880224
6_fig_1,seen,1,החזיק אצבעות,29.67519,-7.2117767
6_fig_3,seen,1,החזיק אצבעות,8.112709,12.599762
6_fig_17,seen,1,החזיק אצבעות,29.22626,5.3849907
6_fig_22,seen,1,החזיק אצבעות,-1.2370377,15.320193
7_lit_10,seen,0,הייתה בעננים,-38.813972,1.3968767
7_lit_14,seen,0,הייתה בעננים,-43.92915,-3.2753928
7_lit_30,seen,0,הייתה בעננים,-39.270912,-20.26912
7_lit_35,seen,0,הייתה בעננים,-21.582167,19.289959
7_fig_5,seen,1,הייתה בעננים,35.92044,-14.679919
7_fig_36,seen,1,הייתה בעננים,42.346004,-19.199932
7_fig_37,seen,1,הייתה בעננים,0.27603275,19.065832
7_fig_40,seen,1,הייתה בעננים,-2.9979484,16.803593
8_lit_1,seen,0,הלך בין טיפות,-46.830605,-14.4310255
8_lit_12,seen,0,הלך בין טיפות,-40.702766,-1.9662168
8_lit_32,seen,0,הלך בין טיפות,-32.182655,12.512431
8_lit_34,seen,0,הלך בין טיפות,-37.179897,4.7577662
8_fig_7,seen,1,הלך בין טיפות,27.292698,7.3507266
8_fig_11,seen,1,הלך בין טיפות,4.670439,18.401268
8_fig_13,seen,1,הלך בין טיפות,19.943323,5.5106845
8_fig_30,seen,1,הלך בין טיפות,39.971848,-26.684319
9_lit_8,seen,0,הלך על ביצים,-31.774584,7.967847
9_lit_18,seen,0,הלך על ביצים,-18.086416,13.884884
9_lit_23,seen,0,הלך על ביצים,-44.216286,-15.091384
9_lit_32,seen,0,הלך על ביצים,-37.34448,-4.3200836
9_fig_8,seen,1,הלך על ביצים,3.991153,16.354355
9_fig_20,seen,1,הלך על ביצים,33.685104,-6.7415733
9_fig_37,seen,1,הלך על ביצים,23.40289,4.4533587
9_fig_39,seen,1,הלך על ביצים,44.803883,-12.356323
10_lit_21,seen,0,הניף דגל לבן,-32.679474,-3.272545
10_lit_25,seen,0,הניף דגל לבן,-35.886566,-16.255495
10_lit_37,seen,0,הניף דגל לבן,-42.589027,-10.10761
10_lit_40,seen,0,הניף דגל לבן,-32.41204,-3.863729
10_fig_1,seen,1,הניף דגל לבן,38.492634,-5.465442
10_fig_16,seen,1,הניף דגל לבן,11.185927,17.056044
10_fig_30,seen,1,הניף דגל לבן,17.376688,12.123148
10_fig_37,seen,1,הניף דגל לבן,15.286298,15.082249
11_lit_7,seen,0,הרים את הראש,-29.276262,11.973013
11_lit_14,seen,0,הרים את הראש,-37.789677,-9.011261
11_lit_24,seen,0,הרים את הראש,-41.24858,-4.022051
11_lit_34,seen,0,הרים את הראש,-34.66798,8.494823
11_fig_12,seen,1,הרים את הראש,28.480799,-5.8489804
11_fig_33,seen,1,הרים את הראש,31.094416,-1.8286713
11_fig_35,seen,1,הרים את הראש,11.554083,17.249973
11_fig_39,seen,1,הרים את הראש,0.0131346285,18.124006
12_lit_15,seen,0,הרים גבה,1.7352505,17.64004
12_lit_18,seen,0,הרים גבה,-40.427113,-3.31075
12_lit_29,seen,0,הרים גבה,-24.844929,15.425424
12_lit_37,seen,0,הרים גבה,-42.330994,-5.456581
12_fig_14,seen,1,הרים גבה,-11.844853,11.6065445
12_fig_16,seen,1,הרים גבה,12.37288,11.921815
12_fig_26,seen,1,הרים גבה,28.962406,3.5227385
12_fig_35,seen,1,הרים גבה,12.549664,9.622499
13_lit_13,seen,0,הרים ידיים,-38.41026,-8.681074
13_lit_14,seen,0,הרים ידיים,-17.62323,16.84752
13_lit_15,seen,0,הרים ידיים,-37.145855,-15.363389
13_lit_37,seen,0,הרים ידיים,-27.487803,15.692509
13_fig_18,seen,1,הרים ידיים,35.203705,-15.0983925
13_fig_23,seen,1,הרים ידיים,20.807854,10.027527
13_fig_31,seen,1,הרים ידיים,30.371714,-17.103914
13_fig_35,seen,1,הרים ידיים,38.339153,-25.180397
14_lit_1,seen,0,חותך כמו סכין,-24.102966,19.092443
14_lit_23,seen,0,חותך כמו סכין,-30.817322,14.403042
14_lit_34,seen,0,חותך כמו סכין,-40.04645,-6.0503025
14_lit_36,seen,0,חותך כמו סכין,-42.35203,-13.129607
14_fig_29,seen,1,חותך כמו סכין,37.080944,-25.799358
14_fig_30,seen,1,חותך כמו סכין,38.69514,-11.417459
14_fig_36,seen,1,חותך כמו סכין,42.326637,-23.733622
14_fig_40,seen,1,חותך כמו סכין,21.888073,8.365806
15_lit_15,seen,0,חזר למסלול,-26.583376,8.848701
15_lit_19,seen,0,חזר למסלול,-41.666706,-3.039778
15_lit_25,seen,0,חזר למסלול,-26.008308,14.303251
15_lit_28,seen,0,חזר למסלול,-24.17031,13.672473
15_fig_3,seen,1,חזר למסלול,23.910389,-3.1488864
15_fig_12,seen,1,חזר למסלול,0.032306205,17.4984
15_fig_20,seen,1,חזר למסלול,36.435463,-14.034827
15_fig_23,seen,1,חזר למסלול,0.5561291,17.497635
16_lit_4,seen,0,חטף חום,2.3248923,16.622072
16_lit_6,seen,0,חטף חום,-7.2999415,13.428458
16_lit_10,seen,0,חטף חום,-41.471924,-16.1688
16_lit_15,seen,0,חטף חום,-45.516495,-14.935008
16_fig_4,seen,1,חטף חום,37.58278,-22.048344
16_fig_30,seen,1,חטף חום,35.116867,-8.069649
16_fig_35,seen,1,חטף חום,38.123455,-26.304789
16_fig_39,seen,1,חטף חום,43.66962,-23.828434
17_lit_19,seen,0,חטף מכה,-32.170555,10.630478
17_lit_21,seen,0,חטף מכה,-44.992016,-15.149614
17_lit_30,seen,0,חטף מכה,-42.8884,-11.295805
17_lit_35,seen,0,חטף מכה,-40.012047,1.1455982
17_fig_11,seen,1,חטף מכה,37.22728,-6.183497
17_fig_35,seen,1,חטף מכה,40.50549,-22.29187
17_fig_39,seen,1,חטף מכה,40.7434,-19.358429
17_fig_40,seen,1,חטף מכה,40.01847,-2.1519358
18_lit_11,seen,0,חיבר נקודות,-36.025265,4.3156776
18_lit_13,seen,0,חיבר נקודות,-37.16981,-10.20251
18_lit_20,seen,0,חיבר נקודות,-3.5968673,17.697205
18_lit_32,seen,0,חיבר נקודות,-25.363773,24.384539
18_fig_20,seen,1,חיבר נקודות,36.27654,-4.5935235
18_fig_23,seen,1,חיבר נקודות,17.001518,9.2696295
18_fig_24,seen,1,חיבר נקודות,25.058565,11.571751
18_fig_40,seen,1,חיבר נקודות,12.67249,15.494839
21_lit_10,seen,0,יצא מהקופסה,-38.83503,-17.955938
21_lit_11,seen,0,יצא מהקופסה,-39.385582,2.6934788
21_lit_19,seen,0,יצא מהקופסה,-30.599335,13.050556
21_lit_29,seen,0,יצא מהקופסה,-33.102455,14.924913
21_fig_2,seen,1,יצא מהקופסה,-18.234703,9.756959
21_fig_6,seen,1,יצא מהקופסה,30.017086,7.1828933
21_fig_18,seen,1,יצא מהקופסה,24.346441,-1.1794889
21_fig_20,seen,1,יצא מהקופסה,17.615274,14.050821
22_lit_12,seen,0,ירד לו האסימון,-46.16351,-14.286446
22_lit_15,seen,0,ירד לו האסימון,-29.343498,9.107193
22_lit_25,seen,0,ירד לו האסימון,-46.33184,-14.300219
22_lit_27,seen,0,ירד לו האסימון,0.18626869,13.648948
22_fig_12,seen,1,ירד לו האסימון,-31.185299,20.13504
22_fig_24,seen,1,ירד לו האסימון,34.01452,-3.2955327
22_fig_27,seen,1,ירד לו האסימון,35.605633,-24.273205
22_fig_36,seen,1,ירד לו האסימון,38.863026,-27.675829
23_lit_5,seen,0,ירד מהעץ,-22.918715,19.81175
23_lit_7,seen,0,ירד מהעץ,-22.570667,17.37312
23_lit_28,seen,0,ירד מהעץ,-40.022964,-20.153324
23_lit_38,seen,0,ירד מהעץ,-31.152098,5.689994
23_fig_18,seen,1,ירד מהעץ,-2.9334161,16.20277
23_fig_20,seen,1,ירד מהעץ,13.813479,9.397957
23_fig_23,seen,1,ירד מהעץ,-26.062809,-1.5429771
23_fig_32,seen,1,ירד מהעץ,24.155739,0.1704631
24_lit_17,seen,0,ירד מהפסים,-39.577732,-12.420541
24_lit_23,seen,0,ירד מהפסים,-22.122309,20.077995
24_lit_28,seen,0,ירד מהפסים,-27.438293,13.721816
24_lit_29,seen,0,ירד מהפסים,-26.686312,7.434764
24_fig_19,seen,1,ירד מהפסים,30.795507,-7.297258
24_fig_21,seen,1,ירד מהפסים,39.48382,-26.571293
24_fig_25,seen,1,ירד מהפסים,29.854525,0.35103187
24_fig_35,seen,1,ירד מהפסים,32.997677,-2.3128076
25_lit_20,seen,0,ירה לכל הכיוונים,-35.38865,-5.8546906
25_lit_27,seen,0,ירה לכל הכיוונים,-39.899734,-19.518787
25_lit_29,seen,0,ירה לכל הכיוונים,-13.2755165,12.727776
25_lit_36,seen,0,ירה לכל הכיוונים,-43.42523,-18.296114
25_fig_10,seen,1,ירה לכל הכיוונים,6.215613,17.161411
25_fig_17,seen,1,ירה לכל הכיוונים,-42.455833,-20.696703
25_fig_20,seen,1,ירה לכל הכיוונים,0.18144682,16.324438
25_fig_22,seen,1,ירה לכל הכיוונים,25.108181,-5.2569637
26_lit_1,seen,0,ירק דם,-18.8793,6.058105
26_lit_7,seen,0,ירק דם,-47.859707,-11.82364
26_lit_27,seen,0,ירק דם,-42.027832,-6.7343717
26_lit_37,seen,0,ירק דם,-47.537403,-14.132197
26_fig_3,seen,1,ירק דם,18.02197,11.045657
26_fig_9,seen,1,ירק דם,24.300941,-1.9171013
26_fig_14,seen,1,ירק דם,24.13995,8.990879
26_fig_17,seen,1,ירק דם,19.179205,11.775452
27_lit_3,seen,0,לב זהב,-24.593689,20.161518
27_lit_4,seen,0,לב זהב,-31.51954,-4.3379335
27_lit_7,seen,0,לב זהב,-21.761927,21.247852
27_lit_30,seen,0,לב זהב,-23.968147,21.046207
27_fig_12,seen,1,לב זהב,32.49389,-3.138745
27_fig_17,seen,1,לב זהב,31.292263,-0.02678607
27_fig_24,seen,1,לב זהב,-34.026176,-8.937901
27_fig_29,seen,1,לב זהב,19.063858,3.5926774
28_lit_7,seen,0,לקח צעד אחורה,-39.69443,-3.747078
28_lit_16,seen,0,לקח צעד אחורה,-35.616005,3.6404808
28_lit_23,seen,0,לקח צעד אחורה,-23.444813,22.666086
28_lit_39,seen,0,לקח צעד אחורה,-38.767857,6.9809303
28_fig_9,seen,1,לקח צעד אחורה,37.03735,3.1852424
28_fig_12,seen,1,לקח צעד אחורה,5.3779945,13.582637
28_fig_28,seen,1,לקח צעד אחורה,20.63356,10.606713
28_fig_34,seen,1,לקח צעד אחורה,23.903992,7.2637396
29_lit_4,seen,0,משך בחוטים,-26.92712,9.775302
29_lit_15,seen,0,משך בחוטים,-40.614357,-1.9558786
29_lit_29,seen,0,משך בחוטים,-41.557774,-3.6857715
29_lit_37,seen,0,משך בחוטים,-40.08977,0.87689334
29_fig_4,seen,1,משך בחוטים,35.59041,-17.210426
29_fig_8,seen,1,משך בחוטים,32.2557,-21.038317
29_fig_13,seen,1,משך בחוטים,1.6929426,14.401856
29_fig_29,seen,1,משך בחוטים,22.10531,3.4388998
30_lit_17,seen,0,נכנס מתחת לאלונקה,-41.948685,-2.243068
30_lit_24,seen,0,נכנס מתחת לאלונקה,1.2611057,15.55187
30_lit_32,seen,0,נכנס מתחת לאלונקה,-43.95434,-4.9451904
30_lit_40,seen,0,נכנס מתחת לאלונקה,-26.354412,-0.36510882
30_fig_14,seen,1,נכנס מתחת לאלונקה,36.211235,-21.175451
30_fig_17,seen,1,נכנס מתחת לאלונקה,-11.534792,13.025804
30_fig_24,seen,1,נכנס מתחת לאלונקה,17.930689,12.395969
30_fig_36,seen,1,נכנס מתחת לאלונקה,9.623102,11.984776
31_lit_1,seen,0,נפל בין הכיסאות,-26.725965,18.735373
31_lit_10,seen,0,נפל בין הכיסאות,-35.36185,-11.614833
31_lit_17,seen,0,נפל בין הכיסאות,-33.74359,7.2627707
31_lit_23,seen,0,נפל בין הכיסאות,-38.284565,-17.219135
31_fig_7,seen,1,נפל בין הכיסאות,21.107882,4.5661416
31_fig_18,seen,1,נפל בין הכיסאות,26.726982,-6.4559364
31_fig_21,seen,1,נפל בין הכיסאות,12.203473,10.128224
31_fig_25,seen,1,נפל בין הכיסאות,39.26058,-23.909067
32_lit_12,seen,0,נפל מהכיסא,-39.0036,-0.43263686
32_lit_17,seen,0,נפל מהכיסא,-29.675568,0.03831782
32_lit_19,seen,0,נפל מהכיסא,-42.3773,-11.789756
32_lit_22,seen,0,נפל מהכיסא,-34.891872,-12.557921
32_fig_7,seen,1,נפל מהכיסא,28.681013,3.962529
32_fig_8,seen,1,נפל מהכיסא,29.456602,-0.019589452
32_fig_23,seen,1,נפל מהכיסא,41.928135,-20.866528
32_fig_39,seen,1,נפל מהכיסא,41.57223,-19.914892
34_lit_8,seen,0,נשבר מבפנים,-36.093838,9.67176
34_lit_18,seen,0,נשבר מבפנים,-29.932364,10.1455765
34_lit_22,seen,0,נשבר מבפנים,-40.22925,-10.081028
34_lit_30,seen,0,נשבר מבפנים,-46.269955,-12.2520275
34_fig_3,seen,1,נשבר מבפנים,-7.79888,13.328511
34_fig_4,seen,1,נשבר מבפנים,22.572668,7.511452
34_fig_27,seen,1,נשבר מבפנים,37.54001,-9.36718
34_fig_30,seen,1,נשבר מבפנים,44.629272,-18.141695
35_lit_8,seen,0,נשך שפתיים,-42.938446,-8.140468
35_lit_11,seen,0,נשך שפתיים,-32.974022,5.8455014
35_lit_22,seen,0,נשך שפתיים,-44.205772,-8.49262
35_lit_25,seen,0,נשך שפתיים,-18.910152,5.7437773
35_fig_2,seen,1,נשך שפתיים,36.41673,-22.66393
35_fig_9,seen,1,נשך שפתיים,4.1289597,15.927859
35_fig_25,seen,1,נשך שפתיים,16.712246,12.410295
35_fig_37,seen,1,נשך שפתיים,37.82622,-22.199137
36_lit_16,seen,0,נתן גז,-44.445286,-12.564319
36_lit_28,seen,0,נתן גז,-33.722366,10.67103
36_lit_31,seen,0,נתן גז,-43.862682,-16.233835
36_lit_39,seen,0,נתן גז,-34.456635,9.82934
36_fig_1,seen,1,נתן גז,40.066845,-20.977228
36_fig_2,seen,1,נתן גז,26.609333,-0.4879567
36_fig_7,seen,1,נתן גז,44.003826,-21.162048
36_fig_32,seen,1,נתן גז,41.272053,-16.28099
37_lit_7,seen,0,נתן יד,-34.101055,2.5005918
37_lit_8,seen,0,נתן יד,-34.679806,2.3009706
37_lit_30,seen,0,נתן יד,-37.96526,2.4916844
37_lit_34,seen,0,נתן יד,-35.36506,1.6486032
37_fig_5,seen,1,נתן יד,30.44853,4.2456083
37_fig_28,seen,1,נתן יד,39.439926,-9.389938
37_fig_33,seen,1,נתן יד,14.492208,11.592309
37_fig_40,seen,1,נתן יד,34.726665,1.2261254
38_lit_9,seen,0,סגר חשבון,-18.065853,22.718369
38_lit_10,seen,0,סגר חשבון,-17.79617,22.57268
38_lit_27,seen,0,סגר חשבון,-18.095577,22.728466
38_lit_32,seen,0,סגר חשבון,-29.791204,22.732855
38_fig_2,seen,1,סגר חשבון,22.865042,-5.916514
38_fig_13,seen,1,סגר חשבון,24.879614,4.842728
38_fig_21,seen,1,סגר חשבון,2.578053,17.828863
38_fig_30,seen,1,סגר חשבון,8.235513,16.911003
39_lit_2,seen,0,עשה סלט,-31.823704,-1.3778328
39_lit_19,seen,0,עשה סלט,-31.766329,-1.5431771
39_lit_34,seen,0,עשה סלט,-46.591373,-8.844688
39_lit_38,seen,0,עשה סלט,-19.00315,18.483984
39_fig_3,seen,1,עשה סלט,23.608458,-4.1451225
39_fig_22,seen,1,עשה סלט,42.037132,-18.856993
39_fig_25,seen,1,עשה סלט,35.594948,-3.1255972
39_fig_30,seen,1,עשה סלט,35.64814,-18.846174
40_lit_5,seen,0,עשה סצנה,-32.142166,-4.7838416
40_lit_7,seen,0,עשה סצנה,-15.403733,16.131794
40_lit_11,seen,0,עשה סצנה,-36.96873,-7.573461
40_lit_16,seen,0,עשה סצנה,-5.123383,13.723268
40_fig_3,seen,1,עשה סצנה,20.512154,8.426441
40_fig_24,seen,1,עשה סצנה,21.02558,15.050701
40_fig_32,seen,1,עשה סצנה,-16.919216,10.977918
40_fig_36,seen,1,עשה סצנה,-17.029572,11.377356
41_lit_12,seen,0,פתח דלתות,-36.27698,-0.5283464
41_lit_13,seen,0,פתח דלתות,-31.961884,20.311222
41_lit_15,seen,0,פתח דלתות,-31.421268,18.414513
41_lit_28,seen,0,פתח דלתות,-20.614227,20.409323
41_fig_2,seen,1,פתח דלתות,24.041264,-1.0295409
41_fig_8,seen,1,פתח דלתות,11.771728,15.307447
41_fig_28,seen,1,פתח דלתות,23.084148,1.1224822
41_fig_32,seen,1,פתח דלתות,25.37583,-0.15146764
42_lit_5,seen,0,פתח דף חדש,-28.305845,22.284
42_lit_6,seen,0,פתח דף חדש,-28.046377,23.141712
42_lit_15,seen,0,פתח דף חדש,-28.714949,23.708403
42_lit_36,seen,0,פתח דף חדש,-31.108965,-12.612398
42_fig_23,seen,1,פתח דף חדש,-6.294137,12.557397
42_fig_28,seen,1,פתח דף חדש,12.71126,13.412887
42_fig_30,seen,1,פתח דף חדש,30.556818,-4.2513103
42_fig_32,seen,1,פתח דף חדש,38.03378,-7.8045373
43_lit_1,seen,0,פתח עיניים,-2.6302571,15.7316885
43_lit_7,seen,0,פתח עיניים,-41.392365,-21.303843
43_lit_27,seen,0,פתח עיניים,-38.089485,-11.133372
43_lit_35,seen,0,פתח עיניים,-48.225704,-14.0732155
43_fig_5,seen,1,פתח עיניים,43.826733,-17.042608
43_fig_13,seen,1,פתח עיניים,-38.28276,-17.60524
43_fig_16,seen,1,פתח עיניים,35.91783,-22.329704
43_fig_26,seen,1,פתח עיניים,22.634457,5.753211
44_lit_2,seen,0,קבר את עצמו,-10.023306,13.990013
44_lit_7,seen,0,קבר את עצמו,-40.60073,4.7864676
44_lit_23,seen,0,קבר את עצמו,1.796239,16.207092
44_lit_29,seen,0,קבר את עצמו,-40.196255,4.5317907
44_fig_13,seen,1,קבר את עצמו,40.92622,-1.6075745
44_fig_15,seen,1,קבר את עצמו,41.73265,-14.737515
44_fig_18,seen,1,קבר את עצמו,41.16979,-18.076527
44_fig_37,seen,1,קבר את עצמו,40.572155,-16.967466
45_lit_6,seen,0,קיבל סטירה,-28.635735,12.7901125
45_lit_25,seen,0,קיבל סטירה,-39.114105,-9.444391
45_lit_34,seen,0,קיבל סטירה,-40.109623,0.12917535
45_lit_40,seen,0,קיבל סטירה,-34.372555,-4.004308
45_fig_7,seen,1,קיבל סטירה,11.751519,15.346496
45_fig_8,seen,1,קיבל סטירה,16.872704,15.511992
45_fig_34,seen,1,קיבל סטירה,23.780045,-3.04117
45_fig_38,seen,1,קיבל סטירה,-35.87185,-4.9076576
46_lit_13,seen,0,קיפל את הזנב,8.639324,13.006355
46_lit_23,seen,0,קיפל את הזנב,45.97976,-19.045828
46_lit_33,seen,0,קיפל את הזנב,-28.477093,10.020534
46_lit_34,seen,0,קיפל את הזנב,-45.447327,-12.080265
46_fig_7,seen,1,קיפל את הזנב,16.131721,9.606756
46_fig_24,seen,1,קיפל את הזנב,42.22914,-23.151722
46_fig_33,seen,1,קיפל את הזנב,29.615454,2.908182
46_fig_39,seen,1,קיפל את הזנב,44.316154,-16.095697
47_lit_9,seen,0,קפא במקום,-34.216503,12.691259
47_lit_22,seen,0,קפא במקום,-35.259094,-12.905947
47_lit_33,seen,0,קפא במקום,-24.607496,13.434741
47_lit_36,seen,0,קפא במקום,-41.736725,-7.579861
47_fig_17,seen,1,קפא במקום,8.675487,13.521603
47_fig_21,seen,1,קפא במקום,-8.892435,13.422265
47_fig_25,seen,1,קפא במקום,43.639164,-16.959917
47_fig_32,seen,1,קפא במקום,38.44724,-21.439356
48_lit_9,seen,0,קפץ למים,-31.013607,12.615793
48_lit_20,seen,0,קפץ למים,-32.736046,10.965208
48_lit_29,seen,0,קפץ למים,-33.667652,-1.0308836
48_lit_30,seen,0,קפץ למים,-37.140923,-5.103709
48_fig_1,seen,1,קפץ למים,8.181915,15.880235
48_fig_12,seen,1,קפץ למים,10.810162,13.084841
48_fig_26,seen,1,קפץ למים,41.508465,-11.744437
48_fig_37,seen,1,קפץ למים,37.9807,-25.738733
50_lit_10,seen,0,שבר את הכלים,-33.447342,13.756797
50_lit_11,seen,0,שבר את הכלים,-39.004616,4.385772
50_lit_21,seen,0,שבר את הכלים,-28.096914,16.830101
50_lit_29,seen,0,שבר את הכלים,-41.76618,-12.646507
50_fig_1,seen,1,שבר את הכלים,35.170086,-18.486038
50_fig_7,seen,1,שבר את הכלים,2.029333,17.184061
50_fig_27,seen,1,שבר את הכלים,32.071342,4.9494095
50_fig_38,seen,1,שבר את הכלים,7.86337,13.7475195
51_lit_19,seen,0,שבר את הלב,-42.185066,-16.190754
51_lit_21,seen,0,שבר את הלב,-29.52027,-6.6793714
51_lit_27,seen,0,שבר את הלב,-0.5986137,13.710347
51_lit_38,seen,0,שבר את הלב,-0.542001,13.795365
51_fig_3,seen,1,שבר את הלב,39.130478,-0.7621592
51_fig_5,seen,1,שבר את הלב,22.401752,11.792671
51_fig_13,seen,1,שבר את הלב,16.194653,10.032787
51_fig_40,seen,1,שבר את הלב,39.72429,-12.344103
52_lit_5,seen,0,שבר את הקרח,-29.317451,7.011233
52_lit_8,seen,0,שבר את הקרח,-26.601868,14.136877
52_lit_20,seen,0,שבר את הקרח,-23.929873,17.86879
52_lit_37,seen,0,שבר את הקרח,-41.883396,2.7535717
52_fig_3,seen,1,שבר את הקרח,43.403294,-12.504737
52_fig_7,seen,1,שבר את הקרח,43.151917,-23.649935
52_fig_27,seen,1,שבר את הקרח,-3.0799837,17.025341
52_fig_40,seen,1,שבר את הקרח,36.713905,-3.9880006
53_lit_11,seen,0,שבר את הראש,-44.31563,-16.393879
53_lit_15,seen,0,שבר את הראש,-26.55433,4.6494164
53_lit_27,seen,0,שבר את הראש,-39.15285,-11.16618
53_lit_32,seen,0,שבר את הראש,-26.55629,6.8199863
53_fig_6,seen,1,שבר את הראש,25.82681,-1.5832924
53_fig_22,seen,1,שבר את הראש,1.4641544,18.384176
53_fig_35,seen,1,שבר את הראש,41.02557,-3.036856
53_fig_40,seen,1,שבר את הראש,18.527956,9.530523
54_lit_6,seen,0,שבר את תקרת הזכוכית,-31.228207,15.237096
54_lit_10,seen,0,שבר את תקרת הזכוכית,-36.2993,1.8620197
54_lit_12,seen,0,שבר את תקרת הזכוכית,-28.634005,-7.5067534
54_lit_28,seen,0,שבר את תקרת הזכוכית,-36.54884,6.0571275
54_fig_8,seen,1,שבר את תקרת הזכוכית,31.287998,-4.7233677
54_fig_30,seen,1,שבר את תקרת הזכוכית,21.46914,0.031639952
54_fig_36,seen,1,שבר את תקרת הזכוכית,23.624323,-1.4007478
54_fig_40,seen,1,שבר את תקרת הזכוכית,25.648043,5.547704
56_lit_6,seen,0,שחרר קיטור,-42.676395,-14.68602
56_lit_14,seen,0,שחרר קיטור,-41.95156,-18.609175
56_lit_29,seen,0,שחרר קיטור,-45.649597,-15.939837
56_lit_32,seen,0,שחרר קיטור,-27.588175,14.148145
56_fig_13,seen,1,שחרר קיטור,34.707867,-4.6123786
56_fig_30,seen,1,שחרר קיטור,22.117178,7.1451674
56_fig_33,seen,1,שחרר קיטור,28.867924,-13.504931
56_fig_34,seen,1,שחרר קיטור,28.903929,-13.008415
57_lit_25,seen,0,שיחק באש,-40.929256,-14.636075
57_lit_29,seen,0,שיחק באש,-33.844498,-11.013679
57_lit_32,seen,0,שיחק באש,-32.12381,14.627803
57_lit_33,seen,0,שיחק באש,-28.416483,-7.719431
57_fig_9,seen,1,שיחק באש,15.4064245,6.940929
57_fig_15,seen,1,שיחק באש,38.347923,-13.571638
57_fig_21,seen,1,שיחק באש,39.19565,-16.59149
57_fig_40,seen,1,שיחק באש,37.17569,-12.203252
58_lit_6,seen,0,שם עליו פס,-24.592178,21.423853
58_lit_8,seen,0,שם עליו פס,-40.905052,1.6990935
58_lit_13,seen,0,שם עליו פס,-23.581108,19.337378
58_lit_21,seen,0,שם עליו פס,-37.82841,-12.610515
58_fig_2,seen,1,שם עליו פס,38.324097,-13.990884
58_fig_9,seen,1,שם עליו פס,28.082653,-3.907976
58_fig_27,seen,1,שם עליו פס,17.905638,15.769291
58_fig_29,seen,1,שם עליו פס,34.386536,-21.359045
59_lit_1,seen,0,שם רגליים,-25.139818,17.522781
59_lit_3,seen,0,שם רגליים,-29.418768,11.197116
59_lit_13,seen,0,שם רגליים,-38.684326,0.30422148
59_lit_30,seen,0,שם רגליים,-43.319496,-10.60307
59_fig_2,seen,1,שם רגליים,25.239506,-2.9835165
59_fig_6,seen,1,שם רגליים,18.81201,10.640231
59_fig_9,seen,1,שם רגליים,34.21992,-21.085615
59_fig_37,seen,1,שם רגליים,32.16771,-19.725788
60_lit_10,seen,0,שפכה אור,-27.136086,14.717496
60_lit_19,seen,0,שפכה אור,-18.534643,10.19866
60_lit_20,seen,0,שפכה אור,-44.839706,-14.471609
60_lit_35,seen,0,שפכה אור,-41.38658,-16.240822
60_fig_25,seen,1,שפכה אור,35.43294,2.0141218
60_fig_35,seen,1,שפכה אור,9.20241,15.454677
60_fig_37,seen,1,שפכה אור,19.115519,5.4139833
60_fig_40,seen,1,שפכה אור,34.81982,-3.7542884
2_lit_1,unseen,0,איבד את הראש,-30.36193,2.0748193
2_lit_2,unseen,0,איבד את הראש,-34.06482,-6.677845
2_lit_3,unseen,0,איבד את הראש,-23.214348,17.96915
2_lit_4,unseen,0,איבד את הראש,-43.1859,-13.874385
2_lit_5,unseen,0,איבד את הראש,-42.07565,-12.948793
2_lit_6,unseen,0,איבד את הראש,-35.852554,7.4044228
2_lit_7,unseen,0,איבד את הראש,-43.117607,-12.833455
2_lit_8,unseen,0,איבד את הראש,-31.3243,13.095392
2_lit_9,unseen,0,איבד את הראש,-29.939745,14.49606
2_lit_10,unseen,0,איבד את הראש,-30.862421,10.584314
2_lit_11,unseen,0,איבד את הראש,-30.66328,14.011561
2_lit_12,unseen,0,איבד את הראש,-40.675964,5.290844
2_lit_13,unseen,0,איבד את הראש,-31.985817,9.812929
2_lit_14,unseen,0,איבד את הראש,-27.677708,19.948328
2_lit_15,unseen,0,איבד את הראש,-41.703705,-11.2746315
2_lit_16,unseen,0,איבד את הראש,-39.56281,-11.298657
2_lit_17,unseen,0,איבד את הראש,-37.376072,5.2607813
2_lit_18,unseen,0,איבד את הראש,-35.166393,-7.543907
2_lit_19,unseen,0,איבד את הראש,-35.39281,-7.5633426
2_lit_20,unseen,0,איבד את הראש,-26.279482,15.384968
2_lit_21,unseen,0,איבד את הראש,-32.51554,-8.35102
2_lit_22,unseen,0,איבד את הראש,-26.625345,19.099411
2_lit_23,unseen,0,איבד את הראש,-45.446182,-17.04651
2_lit_24,unseen,0,איבד את הראש,-41.74692,-8.618342
2_lit_25,unseen,0,איבד את הראש,-31.116308,9.371457
2_lit_26,unseen,0,איבד את הראש,-46.692856,-15.001737
2_lit_27,unseen,0,איבד את הראש,-39.74437,-6.9152617
2_lit_28,unseen,0,איבד את הראש,-39.716873,-8.300575
2_lit_29,unseen,0,איבד את הראש,-20.956797,20.927397
2_lit_30,unseen,0,איבד את הראש,-36.897278,-4.662167
2_lit_31,unseen,0,איבד את הראש,-27.356606,20.889835
2_lit_32,unseen,0,איבד את הראש,-39.798004,-12.229814
2_lit_33,unseen,0,איבד את הראש,-46.660748,-12.982396
2_lit_34,unseen,0,איבד את הראש,-41.25894,-8.339551
2_lit_35,unseen,0,איבד את הראש,-40.51199,5.9795485
2_lit_36,unseen,0,איבד את הראש,-42.201637,-4.3494596
2_lit_37,unseen,0,איבד את הראש,-27.480156,-6.5987883
2_lit_38,unseen,0,איבד את הראש,-37.164944,4.973134
2_lit_39,unseen,0,איבד את הראש,-36.944744,3.715186
2_lit_40,unseen,0,איבד את הראש,-41.56715,-10.590387
2_fig_1,unseen,1,איבד את הראש,28.890686,5.0538583
2_fig_2,unseen,1,איבד את הראש,25.610933,-2.9577792
2_fig_3,unseen,1,איבד את הראש,29.816751,-3.8254993
2_fig_4,unseen,1,איבד את הראש,24.848553,4.683351
2_fig_5,unseen,1,איבד את הראש,19.993973,7.7122903
2_fig_6,unseen,1,איבד את הראש,40.67634,-23.708303
2_fig_7,unseen,1,איבד את הראש,39.840218,-25.731962
2_fig_8,unseen,1,איבד את הראש,-0.5172837,14.973351
2_fig_9,unseen,1,איבד את הראש,39.62239,-23.520084
2_fig_10,unseen,1,איבד את הראש,10.916539,14.024513
2_fig_11,unseen,1,איבד את הראש,29.415134,-16.618536
2_fig_12,unseen,1,איבד את הראש,32.22446,6.2861967
2_fig_13,unseen,1,איבד את הראש,40.506855,-13.982726
2_fig_14,unseen,1,איבד את הראש,36.758305,-15.081951
2_fig_15,unseen,1,איבד את הראש,38.211327,-5.279944
2_fig_16,unseen,1,איבד את הראש,-32.828854,20.724436
2_fig_17,unseen,1,איבד את הראש,30.650269,-16.721733
2_fig_18,unseen,1,איבד את הראש,18.14691,7.704132
2_fig_19,unseen,1,איבד את הראש,6.7003427,15.308693
2_fig_20,unseen,1,איבד את הראש,32.145008,1.3085767
2_fig_21,unseen,1,איבד את הראש,38.616848,-20.602049
2_fig_22,unseen,1,איבד את הראש,35.2998,-7.1015663
2_fig_23,unseen,1,איבד את הראש,40.520397,-11.841812
2_fig_24,unseen,1,איבד את הראש,38.10217,-13.630436
2_fig_25,unseen,1,איבד את הראש,28.979603,-12.575077
2_fig_26,unseen,1,איבד את הראש,25.627443,1.1710044
2_fig_27,unseen,1,איבד את הראש,39.152687,-3.1567495
2_fig_28,unseen,1,איבד את הראש,39.32292,-11.820504
2_fig_29,unseen,1,איבד את הראש,38.423237,-0.8838375
2_fig_30,unseen,1,איבד את הראש,36.72237,-11.877545
2_fig_31,unseen,1,איבד את הראש,-26.437271,0.27778295
2_fig_32,unseen,1,איבד את הראש,3.5089571,15.1213255
2_fig_33,unseen,1,איבד את הראש,34.446815,-22.239979
2_fig_34,unseen,1,איבד את הראש,34.53264,-22.797907
2_fig_35,unseen,1,איבד את הראש,9.813383,18.441717
2_fig_36,unseen,1,איבד את הראש,21.205772,12.792892
2_fig_37,unseen,1,איבד את הראש,38.615696,-26.950403
2_fig_38,unseen,1,איבד את הראש,37.575153,-18.826513
2_fig_39,unseen,1,איבד את הראש,6.326064,15.569868
2_fig_40,unseen,1,איבד את הראש,31.638954,-16.696833
19_lit_1,unseen,0,חצה קו אדום,-25.885387,13.197985
19_lit_2,unseen,0,חצה קו אדום,-24.935003,9.757838
19_lit_3,unseen,0,חצה קו אדום,-23.10811,11.542478
19_lit_4,unseen,0,חצה קו אדום,-21.719929,15.657315
19_lit_5,unseen,0,חצה קו אדום,1.8280934,17.901861
19_lit_6,unseen,0,חצה קו אדום,-1.3742894,15.683934
19_lit_7,unseen,0,חצה קו אדום,-40.900745,-9.085742
19_lit_8,unseen,0,חצה קו אדום,-34.788334,5.691549
19_lit_9,unseen,0,חצה קו אדום,-15.4309225,16.173655
19_lit_10,unseen,0,חצה קו אדום,-25.5471,9.594766
19_lit_11,unseen,0,חצה קו אדום,0.732931,17.995245
19_lit_12,unseen,0,חצה קו אדום,-34.191673,6.161427
19_lit_13,unseen,0,חצה קו אדום,-40.14866,-2.5096383
19_lit_14,unseen,0,חצה קו אדום,-32.82219,11.894354
19_lit_15,unseen,0,חצה קו אדום,-26.847221,12.159658
19_lit_16,unseen,0,חצה קו אדום,-24.923954,22.792892
19_lit_17,unseen,0,חצה קו אדום,-37.448658,3.5870497
19_lit_18,unseen,0,חצה קו אדום,-21.07798,13.537471
19_lit_19,unseen,0,חצה קו אדום,-23.02162,15.964665
19_lit_20,unseen,0,חצה קו אדום,-5.6884437,13.423765
19_lit_21,unseen,0,חצה קו אדום,-2.1508815,16.56922
19_lit_22,unseen,0,חצה קו אדום,-19.318228,14.583947
19_lit_23,unseen,0,חצה קו אדום,-41.37992,-9.870835
19_lit_24,unseen,0,חצה קו אדום,-36.80532,-2.3068097
19_lit_25,unseen,0,חצה קו אדום,-22.714485,15.4145155
19_lit_26,unseen,0,חצה קו אדום,-25.144123,23.91255
19_lit_27,unseen,0,חצה קו אדום,-25.589943,16.072002
19_lit_28,unseen,0,חצה קו אדום,-24.067606,17.388317
19_lit_29,unseen,0,חצה קו אדום,-35.372845,-4.616584
19_lit_30,unseen,0,חצה קו אדום,-24.870184,11.817643
19_lit_31,unseen,0,חצה קו אדום,-26.292868,5.86211
19_lit_32,unseen,0,חצה קו אדום,-21.944952,13.597102
19_lit_33,unseen,0,חצה קו אדום,-25.595203,23.668186
19_lit_34,unseen,0,חצה קו אדום,-24.82973,10.638848
19_lit_35,unseen,0,חצה קו אדום,-25.353909,8.788167
19_lit_36,unseen,0,חצה קו אדום,-25.012445,22.733938
19_lit_37,unseen,0,חצה קו אדום,-34.8047,5.3217154
19_lit_38,unseen,0,חצה קו אדום,-19.380152,14.577786
19_lit_39,unseen,0,חצה קו אדום,-27.370937,11.793921
19_lit_40,unseen,0,חצה קו אדום,-22.597954,11.829776
19_fig_1,unseen,1,חצה קו אדום,33.63902,-11.898833
19_fig_2,unseen,1,חצה קו אדום,-22.427605,11.471228
19_fig_3,unseen,1,חצה קו אדום,39.53626,0.37383512
19_fig_4,unseen,1,חצה קו אדום,30.894213,-18.509901
19_fig_5,unseen,1,חצה קו אדום,6.4752955,17.27085
19_fig_6,unseen,1,חצה קו אדום,39.971375,-9.852911
19_fig_7,unseen,1,חצה קו אדום,24.793829,3.6664834
19_fig_8,unseen,1,חצה קו אדום,27.256638,7.3317027
19_fig_9,unseen,1,חצה קו אדום,30.713722,6.081462
19_fig_10,unseen,1,חצה קו אדום,39.675007,-4.388033
19_fig_11,unseen,1,חצה קו אדום,33.78985,-4.531764
19_fig_12,unseen,1,חצה קו אדום,25.282978,-4.203104
19_fig_13,unseen,1,חצה קו אדום,25.560478,5.1355925
19_fig_14,unseen,1,חצה קו אדום,44.462494,-11.087509
19_fig_15,unseen,1,חצה קו אדום,39.054573,-2.5285487
19_fig_16,unseen,1,חצה קו אדום,44.15868,-15.761873
19_fig_17,unseen,1,חצה קו אדום,34.879147,-1.3791026
19_fig_18,unseen,1,חצה קו אדום,41.21064,-11.654856
19_fig_19,unseen,1,חצה קו אדום,35.852676,-1.2634621
19_fig_20,unseen,1,חצה קו אדום,32.069447,-4.094481
19_fig_21,unseen,1,חצה קו אדום,30.24089,0.7310463
19_fig_22,unseen,1,חצה קו אדום,34.867214,0.9808651
19_fig_23,unseen,1,חצה קו אדום,36.538147,-0.59665674
19_fig_24,unseen,1,חצה קו אדום,42.143204,-16.913046
19_fig_25,unseen,1,חצה קו אדום,26.167486,-1.1125889
19_fig_26,unseen,1,חצה קו אדום,31.421007,6.506106
19_fig_27,unseen,1,חצה קו אדום,35.347256,-23.507212
19_fig_28,unseen,1,חצה קו אדום,44.122486,-11.878258
19_fig_29,unseen,1,חצה קו אדום,21.688374,14.498041
19_fig_30,unseen,1,חצה קו אדום,44.74353,-18.813648
19_fig_31,unseen,1,חצה קו אדום,45.454487,-15.140349
19_fig_32,unseen,1,חצה קו אדום,32.605244,-3.8079445
19_fig_33,unseen,1,חצה קו אדום,34.69299,-0.11695444
19_fig_34,unseen,1,חצה קו אדום,35.863834,-1.2231401
19_fig_35,unseen,1,חצה קו אדום,-8.042458,16.219385
19_fig_36,unseen,1,חצה קו אדום,32.183197,4.6699247
19_fig_37,unseen,1,חצה קו אדום,36.28154,-11.61372
19_fig_38,unseen,1,חצה קו אדום,32.082764,1.3746365
19_fig_39,unseen,1,חצה קו אדום,41.652905,-13.938659
19_fig_40,unseen,1,חצה קו אדום,22.290855,12.5689335
20_lit_1,unseen,0,חתך פינה,-21.247198,21.351717
20_lit_2,unseen,0,חתך פינה,-39.690845,-6.5123353
20_lit_3,unseen,0,חתך פינה,-38.16701,10.3159
20_lit_4,unseen,0,חתך פינה,16.718754,16.185314
20_lit_5,unseen,0,חתך פינה,-31.270872,16.73742
20_lit_6,unseen,0,חתך פינה,-27.725376,11.925222
20_lit_7,unseen,0,חתך פינה,-29.762796,-6.038443
20_lit_8,unseen,0,חתך פינה,-31.407919,11.363043
20_lit_9,unseen,0,חתך פינה,-25.553318,18.71975
20_lit_10,unseen,0,חתך פינה,-29.713768,-5.7717137
20_lit_11,unseen,0,חתך פינה,-45.182384,-10.450832
20_lit_12,unseen,0,חתך פינה,-22.73157,18.699547
20_lit_13,unseen,0,חתך פינה,7.3435416,12.542622
20_lit_14,unseen,0,חתך פינה,28.218323,-15.306033
20_lit_15,unseen,0,חתך פינה,-24.689749,18.85869
20_lit_16,unseen,0,חתך פינה,-36.880043,-10.108647
20_lit_17,unseen,0,חתך פינה,-39.312046,3.3375716
20_lit_18,unseen,0,חתך פינה,-37.736153,0.62126386
20_lit_19,unseen,0,חתך פינה,-25.0718,19.17393
20_lit_20,unseen,0,חתך פינה,-3.4670784,17.30249
20_lit_21,unseen,0,חתך פינה,-38.683617,2.809998
20_lit_22,unseen,0,חתך פינה,-38.83287,1.4867092
20_lit_23,unseen,0,חתך פינה,-21.07843,21.366903
20_lit_24,unseen,0,חתך פינה,-38.458427,-7.4301085
20_lit_25,unseen,0,חתך פינה,-37.740597,0.36998898
20_lit_26,unseen,0,חתך פינה,-34.545193,-0.93796545
20_lit_27,unseen,0,חתך פינה,-25.512604,16.645258
20_lit_28,unseen,0,חתך פינה,-32.78019,16.596102
20_lit_29,unseen,0,חתך פינה,-18.563234,9.908702
20_lit_30,unseen,0,חתך פינה,-24.018444,20.50473
20_lit_31,unseen,0,חתך פינה,-36.60272,2.4404683
20_lit_32,unseen,0,חתך פינה,-37.085228,1.7080541
20_lit_33,unseen,0,חתך פינה,-23.303389,16.224684
20_lit_34,unseen,0,חתך פינה,-25.907932,24.893955
20_lit_35,unseen,0,חתך פינה,-29.210564,21.076998
20_lit_36,unseen,0,חתך פינה,-18.22306,17.97047
20_lit_37,unseen,0,חתך פינה,-29.488573,21.090706
20_lit_38,unseen,0,חתך פינה,-31.119545,21.311216
20_lit_39,unseen,0,חתך פינה,-30.469246,19.253748
20_lit_40,unseen,0,חתך פינה,-36.008354,-9.772212
20_fig_1,unseen,1,חתך פינה,15.535461,16.505703
20_fig_2,unseen,1,חתך פינה,20.245033,7.6832886
20_fig_3,unseen,1,חתך פינה,-27.62324,-8.099701
20_fig_4,unseen,1,חתך פינה,29.402754,-0.69640434
20_fig_5,unseen,1,חתך פינה,38.719025,-17.413435
20_fig_6,unseen,1,חתך פינה,-16.28577,14.036292
20_fig_7,unseen,1,חתך פינה,-23.826544,-1.019425
20_fig_8,unseen,1,חתך פינה,3.0420377,15.645313
20_fig_9,unseen,1,חתך פינה,-26.12193,21.483292
20_fig_10,unseen,1,חתך פינה,13.829584,9.540119
20_fig_11,unseen,1,חתך פינה,-13.753511,13.133161
20_fig_12,unseen,1,חתך פינה,-35.11136,-11.618117
20_fig_13,unseen,1,חתך פינה,16.90802,11.08095
20_fig_14,unseen,1,חתך פינה,38.405277,-15.044669
20_fig_15,unseen,1,חתך פינה,29.792318,-16.269314
20_fig_16,unseen,1,חתך פינה,19.050123,14.42098
20_fig_17,unseen,1,חתך פינה,33.095516,-0.7323407
20_fig_18,unseen,1,חתך פינה,35.281567,-15.975063
20_fig_19,unseen,1,חתך פינה,37.537018,0.43959525
20_fig_20,unseen,1,חתך פינה,31.824255,-15.349562
20_fig_21,unseen,1,חתך פינה,37.601624,-26.68077
20_fig_22,unseen,1,חתך פינה,20.423607,-4.7340627
20_fig_23,unseen,1,חתך פינה,45.708168,-17.160639
20_fig_24,unseen,1,חתך פינה,38.031044,1.3332932
20_fig_25,unseen,1,חתך פינה,20.345278,-5.0103726
20_fig_26,unseen,1,חתך פינה,8.846685,10.62388
20_fig_27,unseen,1,חתך פינה,17.966116,16.011885
20_fig_28,unseen,1,חתך פינה,39.374332,-18.140968
20_fig_29,unseen,1,חתך פינה,40.745117,-18.502169
20_fig_30,unseen,1,חתך פינה,27.445341,-1.2133476
20_fig_31,unseen,1,חתך פינה,29.674135,-14.593371
20_fig_32,unseen,1,חתך פינה,-3.4385474,15.78782
20_fig_33,unseen,1,חתך פינה,2.3711066,17.443586
20_fig_34,unseen,1,חתך פינה,30.591667,-16.280384
20_fig_35,unseen,1,חתך פינה,36.263176,-15.817119
20_fig_36,unseen,1,חתך פינה,31.732222,-14.342338
20_fig_37,unseen,1,חתך פינה,37.048748,-1.4619685
20_fig_38,unseen,1,חתך פינה,39.614918,-11.183905
20_fig_39,unseen,1,חתך פינה,9.697637,18.431726
20_fig_40,unseen,1,חתך פינה,20.961008,10.664487
33_lit_1,unseen,0,נשאר מאחור,-32.08313,-10.32175
33_lit_2,unseen,0,נשאר מאחור,23.504581,-4.1477118
33_lit_3,unseen,0,נשאר מאחור,30.928886,-18.543219
33_lit_4,unseen,0,נשאר מאחור,-21.532175,14.887291
33_lit_5,unseen,0,נשאר מאחור,1.9139513,15.032802
33_lit_6,unseen,0,נשאר מאחור,-29.342466,7.046507
33_lit_7,unseen,0,נשאר מאחור,-17.240738,15.130024
33_lit_8,unseen,0,נשאר מאחור,-8.466058,13.705223
33_lit_9,unseen,0,נשאר מאחור,-29.67516,16.161444
33_lit_10,unseen,0,נשאר מאחור,0.86071634,15.354705
33_lit_11,unseen,0,נשאר מאחור,-39.176933,-16.449646
33_lit_12,unseen,0,נשאר מאחור,-37.616497,-12.841573
33_lit_13,unseen,0,נשאר מאחור,-39.199078,-15.824342
33_lit_14,unseen,0,נשאר מאחור,5.86149,17.317326
33_lit_15,unseen,0,נשאר מאחור,-38.04676,-16.0563
33_lit_16,unseen,0,נשאר מאחור,-36.80965,-13.094219
33_lit_17,unseen,0,נשאר מאחור,-16.434084,13.269975
33_lit_18,unseen,0,נשאר מאחור,-30.31061,12.396684
33_lit_19,unseen,0,נשאר מאחור,-27.566715,16.97849
33_lit_20,unseen,0,נשאר מאחור,-39.225983,6.5333447
33_lit_21,unseen,0,נשאר מאחור,-38.4232,7.229734
33_lit_22,unseen,0,נשאר מאחור,-41.38506,-0.17435762
33_lit_23,unseen,0,נשאר מאחור,-30.516335,19.79224
33_lit_24,unseen,0,נשאר מאחור,-32.64174,18.185446
33_lit_25,unseen,0,נשאר מאחור,-31.632086,-12.113447
33_lit_26,unseen,0,נשאר מאחור,-37.07109,-14.505657
33_lit_27,unseen,0,נשאר מאחור,-34.473343,-14.616987
33_lit_28,unseen,0,נשאר מאחור,-30.879553,18.711382
33_lit_29,unseen,0,נשאר מאחור,-40.194984,-16.748049
33_lit_30,unseen,0,נשאר מאחור,-28.266666,14.736281
33_lit_31,unseen,0,נשאר מאחור,-42.853306,-4.4559984
33_lit_32,unseen,0,נשאר מאחור,-38.856853,-15.905195
33_lit_33,unseen,0,נשאר מאחור,-35.107834,-14.548751
33_lit_34,unseen,0,נשאר מאחור,20.779402,0.32840586
33_lit_35,unseen,0,נשאר מאחור,-25.495195,-0.63209707
33_lit_36,unseen,0,נשאר מאחור,-34.86694,-13.927657
33_lit_37,unseen,0,נשאר מאחור,-18.019007,19.30637
33_lit_38,unseen,0,נשאר מאחור,-36.822014,12.714948
33_lit_39,unseen,0,נשאר מאחור,-28.904186,16.539669
33_lit_40,unseen,0,נשאר מאחור,-17.715326,19.309172
33_fig_1,unseen,1,נשאר מאחור,30.540201,6.5249963
33_fig_2,unseen,1,נשאר מאחור,16.962456,13.476711
33_fig_3,unseen,1,נשאר מאחור,14.63664,14.343517
33_fig_4,unseen,1,נשאר מאחור,26.457714,-0.21728367
33_fig_5,unseen,1,נשאר מאחור,36.401196,-15.598091
33_fig_6,unseen,1,נשאר מאחור,42.15839,-25.315134
33_fig_7,unseen,1,נשאר מאחור,38.121353,-23.933487
33_fig_8,unseen,1,נשאר מאחור,34.781612,-19.563807
33_fig_9,unseen,1,נשאר מאחור,23.70875,0.42114913
33_fig_10,unseen,1,נשאר מאחור,-41.669834,-20.335268
33_fig_11,unseen,1,נשאר מאחור,-13.531929,11.667751
33_fig_12,unseen,1,נשאר מאחור,19.092642,12.344427
33_fig_13,unseen,1,נשאר מאחור,34.41376,-5.5097113
33_fig_14,unseen,1,נשאר מאחור,31.910439,-6.5356107
33_fig_15,unseen,1,נשאר מאחור,29.37775,-1.8382151
33_fig_16,unseen,1,נשאר מאחור,18.356869,14.978247
33_fig_17,unseen,1,נשאר מאחור,22.758171,-3.5246253
33_fig_18,unseen,1,נשאר מאחור,39.98841,-11.977613
33_fig_19,unseen,1,נשאר מאחור,10.210534,16.302883
33_fig_20,unseen,1,נשאר מאחור,19.102222,13.839509
33_fig_21,unseen,1,נשאר מאחור,17.666218,14.389461
33_fig_22,unseen,1,נשאר מאחור,34.76547,-17.851034
33_fig_23,unseen,1,נשאר מאחור,30.905441,-15.495059
33_fig_24,unseen,1,נשאר מאחור,30.2285,-2.904624
33_fig_25,unseen,1,נשאר מאחור,28.352907,-7.702169
33_fig_26,unseen,1,נשאר מאחור,31.403591,-3.481804
33_fig_27,unseen,1,נשאר מאחור,30.298079,-7.005647
33_fig_28,unseen,1,נשאר מאחור,5.452164,17.918554
33_fig_29,unseen,1,נשאר מאחור,30.356308,-9.637548
33_fig_30,unseen,1,נשאר מאחור,33.453995,-22.369816
33_fig_31,unseen,1,נשאר מאחור,31.995018,3.4752576
33_fig_32,unseen,1,נשאר מאחור,26.816906,-1.4049739
33_fig_33,unseen,1,נשאר מאחור,34.06653,-20.061663
33_fig_34,unseen,1,נשאר מאחור,20.310112,-0.29021114
33_fig_35,unseen,1,נשאר מאחור,39.947453,-27.064068
33_fig_36,unseen,1,נשאר מאחור,16.396835,14.540162
33_fig_37,unseen,1,נשאר מאחור,28.062887,-16.438486
33_fig_38,unseen,1,נשאר מאחור,-29.791077,1.1041474
33_fig_39,unseen,1,נשאר מאחור,17.312292,14.656475
33_fig_40,unseen,1,נשאר מאחור,28.520418,-1.2356936
49_lit_1,unseen,0,רץ אחרי הזנב של עצמו,-32.963173,-8.983585
49_lit_2,unseen,0,רץ אחרי הזנב של עצמו,-32.147182,-10.020531
49_lit_3,unseen,0,רץ אחרי הזנב של עצמו,-33.25114,2.6750374
49_lit_4,unseen,0,רץ אחרי הזנב של עצמו,-33.394722,8.758817
49_lit_5,unseen,0,רץ אחרי הזנב של עצמו,-33.027992,2.7631366
49_lit_6,unseen,0,רץ אחרי הזנב של עצמו,-33.488403,1.2138484
49_lit_7,unseen,0,רץ אחרי הזנב של עצמו,-33.959236,9.277855
49_lit_8,unseen,0,רץ אחרי הזנב של עצמו,-32.691,4.1323123
49_lit_9,unseen,0,רץ אחרי הזנב של עצמו,-34.150757,-6.243537
49_lit_10,unseen,0,רץ אחרי הזנב של עצמו,-43.38283,-6.653206
49_lit_11,unseen,0,רץ אחרי הזנב של עצמו,-32.24643,7.5882654
49_lit_12,unseen,0,רץ אחרי הזנב של עצמו,-33.067463,8.294847
49_lit_13,unseen,0,רץ אחרי הזנב של עצמו,-32.512905,7.7828665
49_lit_14,unseen,0,רץ אחרי הזנב של עצמו,-45.389366,-10.860369
49_lit_15,unseen,0,רץ אחרי הזנב של עצמו,-30.636234,17.867098
49_lit_16,unseen,0,רץ אחרי הזנב של עצמו,-43.89416,-6.943135
49_lit_17,unseen,0,רץ אחרי הזנב של עצמו,-33.528053,1.7627438
49_lit_18,unseen,0,רץ אחרי הזנב של עצמו,-38.294292,-1.7197857
49_lit_19,unseen,0,רץ אחרי הזנב של עצמו,-42.900734,-18.734411
49_lit_20,unseen,0,רץ אחרי הזנב של עצמו,-38.468296,-2.4553676
49_lit_21,unseen,0,רץ אחרי הזנב של עצמו,-41.054825,-4.9610386
49_lit_22,unseen,0,רץ אחרי הזנב של עצמו,-41.586304,-5.200504
49_lit_23,unseen,0,רץ אחרי הזנב של עצמו,-39.48897,-1.8042992
49_lit_24,unseen,0,רץ אחרי הזנב של עצמו,-32.642006,8.574857
49_lit_25,unseen,0,רץ אחרי הזנב של עצמו,-25.714794,15.089665
49_lit_26,unseen,0,רץ אחרי הזנב של עצמו,-46.356396,-11.180259
49_lit_27,unseen,0,רץ אחרי הזנב של עצמו,-32.567173,8.853928
49_lit_28,unseen,0,רץ אחרי הזנב של עצמו,-44.94696,-11.247869
49_lit_29,unseen,0,רץ אחרי הזנב של עצמו,-44.655163,-11.484871
49_lit_30,unseen,0,רץ אחרי הזנב של עצמו,-44.75145,-11.989418
49_lit_31,unseen,0,רץ אחרי הזנב של עצמו,-33.167336,8.463677
49_lit_32,unseen,0,רץ אחרי הזנב של עצמו,-45.283607,-12.840501
49_lit_33,unseen,0,רץ אחרי הזנב של עצמו,-20.936651,8.878998
49_lit_34,unseen,0,רץ אחרי הזנב של עצמו,-41.73954,-5.839422
49_lit_35,unseen,0,רץ אחרי הזנב של עצמו,-38.11862,-2.4907475
49_lit_36,unseen,0,רץ אחרי הזנב של עצמו,-37.829735,-3.5510652
49_lit_37,unseen,0,רץ אחרי הזנב של עצמו,-24.602057,16.102707
49_lit_38,unseen,0,רץ אחרי הזנב של עצמו,-44.456406,-10.733172
49_lit_39,unseen,0,רץ אחרי הזנב של עצמו,-43.938362,-9.596597
49_lit_40,unseen,0,רץ אחרי הזנב של עצמו,-44.771343,-9.186452
49_fig_1,unseen,1,רץ אחרי הזנב של עצמו,17.37875,10.32712
49_fig_2,unseen,1,רץ אחרי הזנב של עצמו,32.660416,-10.955842
49_fig_3,unseen,1,רץ אחרי הזנב של עצמו,38.684174,-19.779001
49_fig_4,unseen,1,רץ אחרי הזנב של עצמו,20.209078,5.8268867
49_fig_5,unseen,1,רץ אחרי הזנב של עצמו,29.59397,-7.634994
49_fig_6,unseen,1,רץ אחרי הזנב של עצמו,4.4204884,14.223214
49_fig_7,unseen,1,רץ אחרי הזנב של עצמו,23.835379,3.3907936
49_fig_8,unseen,1,רץ אחרי הזנב של עצמו,7.2564297,13.656879
49_fig_9,unseen,1,רץ אחרי הזנב של עצמו,9.642807,14.142663
49_fig_10,unseen,1,רץ אחרי הזנב של עצמו,37.12277,-16.011375
49_fig_11,unseen,1,רץ אחרי הזנב של עצמו,37.596565,-24.522673
49_fig_12,unseen,1,רץ אחרי הזנב של עצמו,-42.707188,-19.213612
49_fig_13,unseen,1,רץ אחרי הזנב של עצמו,39.434315,-15.465646
49_fig_14,unseen,1,רץ אחרי הזנב של עצמו,38.856335,-16.804718
49_fig_15,unseen,1,רץ אחרי הזנב של עצמו,28.451332,-8.555804
49_fig_16,unseen,1,רץ אחרי הזנב של עצמו,22.956835,9.941563
49_fig_17,unseen,1,רץ אחרי הזנב של עצמו,28.215004,-2.3694446
49_fig_18,unseen,1,רץ אחרי הזנב של עצמו,33.54849,-4.4149747
49_fig_19,unseen,1,רץ אחרי הזנב של עצמו,15.120154,13.716592
49_fig_20,unseen,1,רץ אחרי הזנב של עצמו,8.806155,15.537209
49_fig_21,unseen,1,רץ אחרי הזנב של עצמו,31.846205,-4.7556834
49_fig_22,unseen,1,רץ אחרי הזנב של עצמו,0.20983976,13.42536
49_fig_23,unseen,1,רץ אחרי הזנב של עצמו,9.971578,12.715158
49_fig_24,unseen,1,רץ אחרי הזנב של עצמו,12.865967,12.126409
49_fig_25,unseen,1,רץ אחרי הזנב של עצמו,30.774784,-6.2958484
49_fig_26,unseen,1,רץ אחרי הזנב של עצמו,38.879078,-8.737719
49_fig_27,unseen,1,רץ אחרי הזנב של עצמו,10.244596,16.026356
49_fig_28,unseen,1,רץ אחרי הזנב של עצמו,43.706306,-13.527097
49_fig_29,unseen,1,רץ אחרי הזנב של עצמו,33.26636,-11.712784
49_fig_30,unseen,1,רץ אחרי הזנב של עצמו,31.864569,3.0588193
49_fig_31,unseen,1,רץ אחרי הזנב של עצמו,36.852463,-21.017046
49_fig_32,unseen,1,רץ אחרי הזנב של עצמו,31.781462,-11.820693
49_fig_33,unseen,1,רץ אחרי הזנב של עצמו,35.23615,-22.21517
49_fig_34,unseen,1,רץ אחרי הזנב של עצמו,39.23979,-14.570137
49_fig_35,unseen,1,רץ אחרי הזנב של עצמו,4.671086,14.439261
49_fig_36,unseen,1,רץ אחרי הזנב של עצמו,39.539467,-6.9958324
49_fig_37,unseen,1,רץ אחרי הזנב של עצמו,-6.107205,13.423117
49_fig_38,unseen,1,רץ אחרי הזנב של עצמו,40.19676,-16.25984
49_fig_39,unseen,1,רץ אחרי הזנב של עצמו,32.749046,-8.558423
49_fig_40,unseen,1,רץ אחרי הזנב של עצמו,34.312653,-23.930906
55_lit_1,unseen,0,שבר שתיקה,18.434965,9.938681
55_lit_2,unseen,0,שבר שתיקה,11.980756,10.5794115
55_lit_3,unseen,0,שבר שתיקה,3.1334152,16.637886
55_lit_4,unseen,0,שבר שתיקה,-32.74195,0.6654976
55_lit_5,unseen,0,שבר שתיקה,7.0792756,17.139164
55_lit_6,unseen,0,שבר שתיקה,19.552578,7.569228
55_lit_7,unseen,0,שבר שתיקה,23.936132,-6.208003
55_lit_8,unseen,0,שבר שתיקה,-18.858013,9.003638
55_lit_9,unseen,0,שבר שתיקה,-9.36203,13.76138
55_lit_10,unseen,0,שבר שתיקה,-28.950914,-9.668327
55_lit_11,unseen,0,שבר שתיקה,-33.087753,20.808533
55_lit_12,unseen,0,שבר שתיקה,23.979925,4.9258046
55_lit_13,unseen,0,שבר שתיקה,43.30048,-12.875613
55_lit_14,unseen,0,שבר שתיקה,-25.715878,0.4768861
55_lit_15,unseen,0,שבר שתיקה,19.275269,4.092887
55_lit_16,unseen,0,שבר שתיקה,17.95449,5.589066
55_lit_17,unseen,0,שבר שתיקה,39.447495,-8.3115
55_lit_18,unseen,0,שבר שתיקה,34.82637,-8.122349
55_lit_19,unseen,0,שבר שתיקה,-17.136398,15.16822
55_lit_20,unseen,0,שבר שתיקה,-28.66619,18.586779
55_lit_21,unseen,0,שבר שתיקה,-21.197376,16.134802
55_lit_22,unseen,0,שבר שתיקה,22.671247,6.537598
55_lit_23,unseen,0,שבר שתיקה,39.466564,-1.8035474
55_lit_24,unseen,0,שבר שתיקה,-8.255982,15.2888
55_lit_25,unseen,0,שבר שתיקה,20.922907,6.110069
55_lit_26,unseen,0,שבר שתיקה,-27.639488,8.029535
55_lit_27,unseen,0,שבר שתיקה,15.850746,12.50726
55_lit_28,unseen,0,שבר שתיקה,-28.999798,18.363462
55_lit_29,unseen,0,שבר שתיקה,-16.840313,9.714807
55_lit_30,unseen,0,שבר שתיקה,-40.793247,-20.823088
55_lit_31,unseen,0,שבר שתיקה,-41.01556,-20.228542
55_lit_32,unseen,0,שבר שתיקה,-46.988857,-16.404182
55_lit_33,unseen,0,שבר שתיקה,-13.570225,11.804944
55_lit_34,unseen,0,שבר שתיקה,-27.677494,0.8611802
55_lit_35,unseen,0,שבר שתיקה,9.985352,11.103082
55_lit_36,unseen,0,שבר שתיקה,-11.962298,11.473364
55_lit_37,unseen,0,שבר שתיקה,-15.770765,10.372406
55_lit_38,unseen,0,שבר שתיקה,-27.713287,-0.64722055
55_lit_39,unseen,0,שבר שתיקה,2.769272,18.685856
55_lit_40,unseen,0,שבר שתיקה,-19.073545,8.2041235
55_fig_1,unseen,1,שבר שתיקה,27.373163,-5.0895023
55_fig_2,unseen,1,שבר שתיקה,37.64559,-8.431478
55_fig_3,unseen,1,שבר שתיקה,21.66518,5.071089
55_fig_4,unseen,1,שבר שתיקה,39.713367,-22.221167
55_fig_5,unseen,1,שבר שתיקה,19.749277,9.476663
55_fig_6,unseen,1,שבר שתיקה,31.58043,6.1644597
55_fig_7,unseen,1,שבר שתיקה,37.20637,-19.112152
55_fig_8,unseen,1,שבר שתיקה,41.39019,-16.0905
55_fig_9,unseen,1,שבר שתיקה,27.67421,-4.9549246
55_fig_10,unseen,1,שבר שתיקה,22.669601,4.9572034
55_fig_11,unseen,1,שבר שתיקה,39.02136,-23.2091
55_fig_12,unseen,1,שבר שתיקה,15.701931,10.574628
55_fig_13,unseen,1,שבר שתיקה,41.2609,-17.135681
55_fig_14,unseen,1,שבר שתיקה,42.17719,-15.522541
55_fig_15,unseen,1,שבר שתיקה,40.164505,-14.6322155
55_fig_16,unseen,1,שבר שתיקה,16.636497,8.866797
55_fig_17,unseen,1,שבר שתיקה,39.264683,-23.03042
55_fig_18,unseen,1,שבר שתיקה,19.104496,6.4982677
55_fig_19,unseen,1,שבר שתיקה,36.9805,-5.4640517
55_fig_20,unseen,1,שבר שתיקה,27.887445,1.2280445
55_fig_21,unseen,1,שבר שתיקה,21.888796,8.424209
55_fig_22,unseen,1,שבר שתיקה,40.138916,-6.94362
55_fig_23,unseen,1,שבר שתיקה,18.076645,6.584663
55_fig_24,unseen,1,שבר שתיקה,32.291748,-1.7974684
55_fig_25,unseen,1,שבר שתיקה,33.70028,-1.527068
55_fig_26,unseen,1,שבר שתיקה,29.798466,-5.4858513
55_fig_27,unseen,1,שבר שתיקה,14.95143,9.00527
55_fig_28,unseen,1,שבר שתיקה,17.769325,8.229002
55_fig_29,unseen,1,שבר שתיקה,42.64734,-17.76447
55_fig_30,unseen,1,שבר שתיקה,35.959736,-24.585367
55_fig_31,unseen,1,שבר שתיקה,34.04649,-2.8298411
55_fig_32,unseen,1,שבר שתיקה,35.37527,-8.831825
55_fig_33,unseen,1,שבר שתיקה,33.48299,-17.510406
55_fig_34,unseen,1,שבר שתיקה,40.30089,-17.710367
55_fig_35,unseen,1,שבר שתיקה,40.010098,-19.598673
55_fig_36,unseen,1,שבר שתיקה,44.7306,-19.270252
55_fig_37,unseen,1,שבר שתיקה,34.433426,-3.8866112
55_fig_38,unseen,1,שבר שתיקה,39.938972,-18.16432
55_fig_39,unseen,1,שבר שתיקה,37.077316,-17.694363
55_fig_40,unseen,1,שבר שתיקה,40.57073,-8.266593
